label,count,percentage
Center,4294,2.48279849667534
Donut,555,0.32090199479618386
Edge-Loc,5189,3.0002891008962127
Edge-Ring,9680,5.596993350679387
Loc,3593,2.0774790401850245
Near-full,149,0.08615206707140792
Random,866,0.5007227522405319
Scratch,1193,0.689794738363689
none,147431,85.24486845909223
