label,count,percentage_of_defects
Center,4294,16.82667816136996
Donut,555,2.1748501116814922
Edge-Loc,5189,20.333868882009483
Edge-Ring,9680,37.93252086680513
Loc,3593,14.07970531760649
Near-full,149,0.5838786786316078
Random,866,3.393549903993103
Scratch,1193,4.674948077902739
