{
  "accuracy": 0.976833828007555,
  "macro_precision": 0.8834978159228429,
  "macro_recall": 0.8687589140702969,
  "macro_f1": 0.8741327644227196,
  "weighted_f1": 0.9762847397011846,
  "cohen_kappa": 0.9118579710928499,
  "per_class": {
    "Center": {
      "precision": 0.9331259720062208,
      "recall": 0.9316770186335404,
      "f1": 0.9324009324009324,
      "support": 644
    },
    "Donut": {
      "precision": 0.8157894736842105,
      "recall": 0.7469879518072289,
      "f1": 0.779874213836478,
      "support": 83
    },
    "Edge-Loc": {
      "precision": 0.8755304101838756,
      "recall": 0.7946084724005135,
      "f1": 0.8331090174966352,
      "support": 779
    },
    "Edge-Ring": {
      "precision": 0.9852838121934128,
      "recall": 0.9683195592286501,
      "f1": 0.9767280305661689,
      "support": 1452
    },
    "Loc": {
      "precision": 0.8616780045351474,
      "recall": 0.7050092764378478,
      "f1": 0.7755102040816326,
      "support": 539
    },
    "Near-full": {
      "precision": 0.9545454545454546,
      "recall": 0.9545454545454546,
      "f1": 0.9545454545454546,
      "support": 22
    },
    "Random": {
      "precision": 0.7662337662337663,
      "recall": 0.9076923076923077,
      "f1": 0.8309859154929577,
      "support": 130
    },
    "Scratch": {
      "precision": 0.7724867724867724,
      "recall": 0.8156424581005587,
      "f1": 0.7934782608695652,
      "support": 179
    },
    "none": {
      "precision": 0.9868066774367259,
      "recall": 0.9943477277865702,
      "f1": 0.9905628505146512,
      "support": 22115
    }
  },
  "confusion_matrix": [
    [
      600,
      2,
      1,
      0,
      5,
      0,
      1,
      1,
      34
    ],
    [
      1,
      62,
      1,
      0,
      7,
      0,
      5,
      4,
      3
    ],
    [
      3,
      0,
      619,
      13,
      16,
      1,
      9,
      0,
      118
    ],
    [
      1,
      0,
      22,
      1406,
      0,
      0,
      0,
      0,
      23
    ],
    [
      13,
      5,
      30,
      0,
      380,
      0,
      9,
      14,
      88
    ],
    [
      0,
      0,
      0,
      0,
      0,
      21,
      1,
      0,
      0
    ],
    [
      2,
      3,
      1,
      0,
      1,
      0,
      118,
      0,
      5
    ],
    [
      0,
      2,
      1,
      0,
      6,
      0,
      1,
      146,
      23
    ],
    [
      23,
      2,
      32,
      8,
      26,
      0,
      10,
      24,
      21990
    ]
  ],
  "confusion_matrix_normalized": [
    [
      0.9316770186335404,
      0.003105590062111801,
      0.0015527950310559005,
      0.0,
      0.007763975155279503,
      0.0,
      0.0015527950310559005,
      0.0015527950310559005,
      0.052795031055900624
    ],
    [
      0.012048192771084338,
      0.7469879518072289,
      0.012048192771084338,
      0.0,
      0.08433734939759036,
      0.0,
      0.060240963855421686,
      0.04819277108433735,
      0.03614457831325301
    ],
    [
      0.0038510911424903724,
      0.0,
      0.7946084724005135,
      0.01668806161745828,
      0.02053915275994865,
      0.0012836970474967907,
      0.011553273427471117,
      0.0,
      0.1514762516046213
    ],
    [
      0.0006887052341597796,
      0.0,
      0.015151515151515152,
      0.9683195592286501,
      0.0,
      0.0,
      0.0,
      0.0,
      0.01584022038567493
    ],
    [
      0.02411873840445269,
      0.00927643784786642,
      0.055658627087198514,
      0.0,
      0.7050092764378478,
      0.0,
      0.016697588126159554,
      0.025974025974025976,
      0.16326530612244897
    ],
    [
      0.0,
      0.0,
      0.0,
      0.0,
      0.0,
      0.9545454545454546,
      0.045454545454545456,
      0.0,
      0.0
    ],
    [
      0.015384615384615385,
      0.023076923076923078,
      0.007692307692307693,
      0.0,
      0.007692307692307693,
      0.0,
      0.9076923076923077,
      0.0,
      0.038461538461538464
    ],
    [
      0.0,
      0.0111731843575419,
      0.00558659217877095,
      0.0,
      0.0335195530726257,
      0.0,
      0.00558659217877095,
      0.8156424581005587,
      0.12849162011173185
    ],
    [
      0.001040018087271083,
      9.043635541487678e-05,
      0.0014469816866380285,
      0.00036174542165950713,
      0.0011756726203933981,
      0.0,
      0.0004521817770743839,
      0.0010852362649785214,
      0.9943477277865702
    ]
  ],
  "exp_name": "exp_E_augmentation",
  "best_epoch": 19,
  "best_val_macro_f1": 0.8875752499936178,
  "test_loss": 0.07041130802537297,
  "n_epochs_ran": 29,
  "device": "mps"
}
