{
  "accuracy": 0.9725552172069537,
  "macro_precision": 0.865037349570677,
  "macro_recall": 0.8587457384140333,
  "macro_f1": 0.8609186798689867,
  "weighted_f1": 0.9725266998129217,
  "cohen_kappa": 0.8972866389147209,
  "per_class": {
    "Center": {
      "precision": 0.9594813614262561,
      "recall": 0.9192546583850931,
      "f1": 0.9389373513084853,
      "support": 644
    },
    "Donut": {
      "precision": 0.7926829268292683,
      "recall": 0.7831325301204819,
      "f1": 0.7878787878787878,
      "support": 83
    },
    "Edge-Loc": {
      "precision": 0.7946768060836502,
      "recall": 0.8048780487804879,
      "f1": 0.7997448979591837,
      "support": 779
    },
    "Edge-Ring": {
      "precision": 0.9799861973775017,
      "recall": 0.977961432506887,
      "f1": 0.9789727680110307,
      "support": 1452
    },
    "Loc": {
      "precision": 0.7222222222222222,
      "recall": 0.7476808905380334,
      "f1": 0.7347310847766636,
      "support": 539
    },
    "Near-full": {
      "precision": 0.88,
      "recall": 1.0,
      "f1": 0.9361702127659575,
      "support": 22
    },
    "Random": {
      "precision": 0.907563025210084,
      "recall": 0.8307692307692308,
      "f1": 0.8674698795180723,
      "support": 130
    },
    "Scratch": {
      "precision": 0.7610062893081762,
      "recall": 0.6759776536312849,
      "f1": 0.7159763313609467,
      "support": 179
    },
    "none": {
      "precision": 0.9877173176789343,
      "recall": 0.9890572009947999,
      "f1": 0.9883868052417533,
      "support": 22115
    }
  },
  "confusion_matrix": [
    [
      592,
      3,
      0,
      0,
      14,
      0,
      1,
      0,
      34
    ],
    [
      0,
      65,
      0,
      0,
      10,
      0,
      3,
      3,
      2
    ],
    [
      2,
      0,
      627,
      11,
      35,
      1,
      3,
      0,
      100
    ],
    [
      0,
      0,
      22,
      1420,
      0,
      0,
      0,
      0,
      10
    ],
    [
      6,
      7,
      24,
      0,
      403,
      0,
      1,
      12,
      86
    ],
    [
      0,
      0,
      0,
      0,
      0,
      22,
      0,
      0,
      0
    ],
    [
      2,
      3,
      7,
      0,
      5,
      2,
      108,
      0,
      3
    ],
    [
      0,
      3,
      1,
      1,
      16,
      0,
      0,
      121,
      37
    ],
    [
      15,
      1,
      108,
      17,
      75,
      0,
      3,
      23,
      21873
    ]
  ],
  "confusion_matrix_normalized": [
    [
      0.9192546583850931,
      0.004658385093167702,
      0.0,
      0.0,
      0.021739130434782608,
      0.0,
      0.0015527950310559005,
      0.0,
      0.052795031055900624
    ],
    [
      0.0,
      0.7831325301204819,
      0.0,
      0.0,
      0.12048192771084337,
      0.0,
      0.03614457831325301,
      0.03614457831325301,
      0.024096385542168676
    ],
    [
      0.0025673940949935813,
      0.0,
      0.8048780487804879,
      0.014120667522464698,
      0.044929396662387676,
      0.0012836970474967907,
      0.0038510911424903724,
      0.0,
      0.12836970474967907
    ],
    [
      0.0,
      0.0,
      0.015151515151515152,
      0.977961432506887,
      0.0,
      0.0,
      0.0,
      0.0,
      0.006887052341597796
    ],
    [
      0.011131725417439703,
      0.012987012987012988,
      0.04452690166975881,
      0.0,
      0.7476808905380334,
      0.0,
      0.0018552875695732839,
      0.022263450834879406,
      0.15955473098330242
    ],
    [
      0.0,
      0.0,
      0.0,
      0.0,
      0.0,
      1.0,
      0.0,
      0.0,
      0.0
    ],
    [
      0.015384615384615385,
      0.023076923076923078,
      0.05384615384615385,
      0.0,
      0.038461538461538464,
      0.015384615384615385,
      0.8307692307692308,
      0.0,
      0.023076923076923078
    ],
    [
      0.0,
      0.01675977653631285,
      0.00558659217877095,
      0.00558659217877095,
      0.0893854748603352,
      0.0,
      0.0,
      0.6759776536312849,
      0.20670391061452514
    ],
    [
      0.0006782726656115759,
      4.521817770743839e-05,
      0.004883563192403346,
      0.0007687090210264526,
      0.003391363328057879,
      0.0,
      0.00013565453312231517,
      0.001040018087271083,
      0.9890572009947999
    ]
  ],
  "exp_name": "exp_D_focal_loss",
  "best_epoch": 34,
  "best_val_macro_f1": 0.8697888891756362,
  "test_loss": 0.08730024907151944,
  "n_epochs_ran": 44,
  "device": "mps"
}
