{
  "accuracy": 0.9723624869907104,
  "macro_precision": 0.8725789519552944,
  "macro_recall": 0.8280793893970038,
  "macro_f1": 0.846823867161794,
  "weighted_f1": 0.9714126794024606,
  "cohen_kappa": 0.8951082529509625,
  "per_class": {
    "Center": {
      "precision": 0.9389671361502347,
      "recall": 0.9316770186335404,
      "f1": 0.9353078721745908,
      "support": 644
    },
    "Donut": {
      "precision": 0.8378378378378378,
      "recall": 0.7469879518072289,
      "f1": 0.7898089171974523,
      "support": 83
    },
    "Edge-Loc": {
      "precision": 0.8561354019746121,
      "recall": 0.7792041078305519,
      "f1": 0.8158602150537635,
      "support": 779
    },
    "Edge-Ring": {
      "precision": 0.9686648501362398,
      "recall": 0.9793388429752066,
      "f1": 0.9739726027397261,
      "support": 1452
    },
    "Loc": {
      "precision": 0.7414448669201521,
      "recall": 0.7235621521335807,
      "f1": 0.7323943661971831,
      "support": 539
    },
    "Near-full": {
      "precision": 1.0,
      "recall": 1.0,
      "f1": 1.0,
      "support": 22
    },
    "Random": {
      "precision": 0.8787878787878788,
      "recall": 0.8923076923076924,
      "f1": 0.8854961832061069,
      "support": 130
    },
    "Scratch": {
      "precision": 0.6460176991150443,
      "recall": 0.40782122905027934,
      "f1": 0.5,
      "support": 179
    },
    "none": {
      "precision": 0.9853548966756513,
      "recall": 0.9918155098349537,
      "f1": 0.988574647887324,
      "support": 22115
    }
  },
  "confusion_matrix": [
    [
      600,
      1,
      1,
      1,
      13,
      0,
      1,
      0,
      27
    ],
    [
      2,
      62,
      0,
      0,
      12,
      0,
      2,
      1,
      4
    ],
    [
      0,
      0,
      607,
      20,
      34,
      0,
      3,
      3,
      112
    ],
    [
      0,
      0,
      19,
      1422,
      0,
      0,
      0,
      0,
      11
    ],
    [
      7,
      6,
      24,
      1,
      390,
      0,
      3,
      11,
      97
    ],
    [
      0,
      0,
      0,
      0,
      0,
      22,
      0,
      0,
      0
    ],
    [
      2,
      0,
      5,
      0,
      5,
      0,
      116,
      0,
      2
    ],
    [
      1,
      2,
      1,
      3,
      24,
      0,
      2,
      73,
      73
    ],
    [
      27,
      3,
      52,
      21,
      48,
      0,
      5,
      25,
      21934
    ]
  ],
  "confusion_matrix_normalized": [
    [
      0.9316770186335404,
      0.0015527950310559005,
      0.0015527950310559005,
      0.0015527950310559005,
      0.020186335403726708,
      0.0,
      0.0015527950310559005,
      0.0,
      0.04192546583850932
    ],
    [
      0.024096385542168676,
      0.7469879518072289,
      0.0,
      0.0,
      0.14457831325301204,
      0.0,
      0.024096385542168676,
      0.012048192771084338,
      0.04819277108433735
    ],
    [
      0.0,
      0.0,
      0.7792041078305519,
      0.025673940949935817,
      0.043645699614890884,
      0.0,
      0.0038510911424903724,
      0.0038510911424903724,
      0.14377406931964057
    ],
    [
      0.0,
      0.0,
      0.013085399449035813,
      0.9793388429752066,
      0.0,
      0.0,
      0.0,
      0.0,
      0.007575757575757576
    ],
    [
      0.012987012987012988,
      0.011131725417439703,
      0.04452690166975881,
      0.0018552875695732839,
      0.7235621521335807,
      0.0,
      0.0055658627087198514,
      0.02040816326530612,
      0.17996289424860853
    ],
    [
      0.0,
      0.0,
      0.0,
      0.0,
      0.0,
      1.0,
      0.0,
      0.0,
      0.0
    ],
    [
      0.015384615384615385,
      0.0,
      0.038461538461538464,
      0.0,
      0.038461538461538464,
      0.0,
      0.8923076923076924,
      0.0,
      0.015384615384615385
    ],
    [
      0.00558659217877095,
      0.0111731843575419,
      0.00558659217877095,
      0.01675977653631285,
      0.1340782122905028,
      0.0,
      0.0111731843575419,
      0.40782122905027934,
      0.40782122905027934
    ],
    [
      0.0012208907981008366,
      0.00013565453312231517,
      0.0023513452407867962,
      0.0009495817318562062,
      0.0021704725299570428,
      0.0,
      0.00022609088853719196,
      0.0011304544426859599,
      0.9918155098349537
    ]
  ],
  "exp_name": "exp_B_transfer",
  "best_epoch": 35,
  "best_val_macro_f1": 0.8468389199572139,
  "test_loss": 0.21950258752070242,
  "n_epochs_ran": 45,
  "device": "mps"
}
