{
  "accuracy": 0.9408703696565548,
  "macro_precision": 0.7572203410553234,
  "macro_recall": 0.8619148413140101,
  "macro_f1": 0.7919202091267931,
  "weighted_f1": 0.9475509828728027,
  "cohen_kappa": 0.8013247095483257,
  "per_class": {
    "Center": {
      "precision": 0.8092715231788079,
      "recall": 0.9487577639751553,
      "f1": 0.873481057898499,
      "support": 644
    },
    "Donut": {
      "precision": 0.8333333333333334,
      "recall": 0.7831325301204819,
      "f1": 0.8074534161490683,
      "support": 83
    },
    "Edge-Loc": {
      "precision": 0.5673758865248227,
      "recall": 0.8215661103979461,
      "f1": 0.6712113266911379,
      "support": 779
    },
    "Edge-Ring": {
      "precision": 0.9912727272727273,
      "recall": 0.9387052341597796,
      "f1": 0.9642730810045985,
      "support": 1452
    },
    "Loc": {
      "precision": 0.40365296803652967,
      "recall": 0.8200371057513914,
      "f1": 0.5410036719706243,
      "support": 539
    },
    "Near-full": {
      "precision": 0.6285714285714286,
      "recall": 1.0,
      "f1": 0.7719298245614035,
      "support": 22
    },
    "Random": {
      "precision": 0.7931034482758621,
      "recall": 0.8846153846153846,
      "f1": 0.8363636363636363,
      "support": 130
    },
    "Scratch": {
      "precision": 0.7956204379562044,
      "recall": 0.6089385474860335,
      "f1": 0.689873417721519,
      "support": 179
    },
    "none": {
      "precision": 0.9927813163481953,
      "recall": 0.9514808953199186,
      "f1": 0.9716924497806512,
      "support": 22115
    }
  },
  "confusion_matrix": [
    [
      611,
      3,
      3,
      0,
      12,
      0,
      1,
      0,
      14
    ],
    [
      0,
      65,
      1,
      0,
      13,
      0,
      3,
      1,
      0
    ],
    [
      6,
      0,
      640,
      3,
      52,
      7,
      6,
      0,
      65
    ],
    [
      0,
      0,
      79,
      1363,
      0,
      0,
      0,
      0,
      10
    ],
    [
      20,
      5,
      27,
      0,
      442,
      1,
      2,
      7,
      35
    ],
    [
      0,
      0,
      0,
      0,
      0,
      22,
      0,
      0,
      0
    ],
    [
      2,
      2,
      3,
      0,
      4,
      4,
      115,
      0,
      0
    ],
    [
      1,
      2,
      5,
      0,
      32,
      0,
      1,
      109,
      29
    ],
    [
      115,
      1,
      370,
      9,
      540,
      1,
      17,
      20,
      21042
    ]
  ],
  "confusion_matrix_normalized": [
    [
      0.9487577639751553,
      0.004658385093167702,
      0.004658385093167702,
      0.0,
      0.018633540372670808,
      0.0,
      0.0015527950310559005,
      0.0,
      0.021739130434782608
    ],
    [
      0.0,
      0.7831325301204819,
      0.012048192771084338,
      0.0,
      0.1566265060240964,
      0.0,
      0.03614457831325301,
      0.012048192771084338,
      0.0
    ],
    [
      0.007702182284980745,
      0.0,
      0.8215661103979461,
      0.0038510911424903724,
      0.06675224646983312,
      0.008985879332477536,
      0.007702182284980745,
      0.0,
      0.0834403080872914
    ],
    [
      0.0,
      0.0,
      0.05440771349862259,
      0.9387052341597796,
      0.0,
      0.0,
      0.0,
      0.0,
      0.006887052341597796
    ],
    [
      0.03710575139146568,
      0.00927643784786642,
      0.05009276437847866,
      0.0,
      0.8200371057513914,
      0.0018552875695732839,
      0.0037105751391465678,
      0.012987012987012988,
      0.06493506493506493
    ],
    [
      0.0,
      0.0,
      0.0,
      0.0,
      0.0,
      1.0,
      0.0,
      0.0,
      0.0
    ],
    [
      0.015384615384615385,
      0.015384615384615385,
      0.023076923076923078,
      0.0,
      0.03076923076923077,
      0.03076923076923077,
      0.8846153846153846,
      0.0,
      0.0
    ],
    [
      0.00558659217877095,
      0.0111731843575419,
      0.027932960893854747,
      0.0,
      0.1787709497206704,
      0.0,
      0.00558659217877095,
      0.6089385474860335,
      0.16201117318435754
    ],
    [
      0.005200090436355415,
      4.521817770743839e-05,
      0.016730725751752204,
      0.0004069635993669455,
      0.02441781596201673,
      4.521817770743839e-05,
      0.0007687090210264526,
      0.0009043635541487678,
      0.9514808953199186
    ]
  ],
  "exp_name": "exp_C_class_weight",
  "best_epoch": 13,
  "best_val_macro_f1": 0.8075671100102277,
  "test_loss": 0.8303922831607813,
  "n_epochs_ran": 23,
  "device": "mps"
}
