{
  "accuracy": 0.9723239409474618,
  "macro_precision": 0.8812390656072338,
  "macro_recall": 0.8252063684329093,
  "macro_f1": 0.8501975068301341,
  "weighted_f1": 0.9717288658729316,
  "cohen_kappa": 0.8949761958266061,
  "per_class": {
    "Center": {
      "precision": 0.957166392092257,
      "recall": 0.9021739130434783,
      "f1": 0.9288569144684252,
      "support": 644
    },
    "Donut": {
      "precision": 0.7916666666666666,
      "recall": 0.6867469879518072,
      "f1": 0.7354838709677419,
      "support": 83
    },
    "Edge-Loc": {
      "precision": 0.7910447761194029,
      "recall": 0.8164313222079589,
      "f1": 0.8035375868603917,
      "support": 779
    },
    "Edge-Ring": {
      "precision": 0.9750692520775623,
      "recall": 0.9696969696969697,
      "f1": 0.9723756906077348,
      "support": 1452
    },
    "Loc": {
      "precision": 0.7716049382716049,
      "recall": 0.6957328385899815,
      "f1": 0.7317073170731707,
      "support": 539
    },
    "Near-full": {
      "precision": 0.9545454545454546,
      "recall": 0.9545454545454546,
      "f1": 0.9545454545454546,
      "support": 22
    },
    "Random": {
      "precision": 0.8842975206611571,
      "recall": 0.823076923076923,
      "f1": 0.852589641434263,
      "support": 130
    },
    "Scratch": {
      "precision": 0.8203125,
      "recall": 0.5865921787709497,
      "f1": 0.6840390879478827,
      "support": 179
    },
    "none": {
      "precision": 0.9854440900309986,
      "recall": 0.9918607280126611,
      "f1": 0.9886419975661423,
      "support": 22115
    }
  },
  "confusion_matrix": [
    [
      581,
      4,
      1,
      0,
      20,
      0,
      1,
      0,
      37
    ],
    [
      0,
      57,
      1,
      0,
      16,
      0,
      3,
      3,
      3
    ],
    [
      2,
      0,
      636,
      11,
      19,
      1,
      2,
      1,
      107
    ],
    [
      0,
      0,
      30,
      1408,
      0,
      0,
      0,
      0,
      14
    ],
    [
      7,
      3,
      35,
      0,
      375,
      0,
      2,
      9,
      108
    ],
    [
      0,
      0,
      0,
      0,
      0,
      21,
      1,
      0,
      0
    ],
    [
      4,
      5,
      6,
      1,
      4,
      0,
      107,
      0,
      3
    ],
    [
      0,
      2,
      5,
      1,
      14,
      0,
      0,
      105,
      52
    ],
    [
      13,
      1,
      90,
      23,
      38,
      0,
      5,
      10,
      21935
    ]
  ],
  "confusion_matrix_normalized": [
    [
      0.9021739130434783,
      0.006211180124223602,
      0.0015527950310559005,
      0.0,
      0.031055900621118012,
      0.0,
      0.0015527950310559005,
      0.0,
      0.05745341614906832
    ],
    [
      0.0,
      0.6867469879518072,
      0.012048192771084338,
      0.0,
      0.1927710843373494,
      0.0,
      0.03614457831325301,
      0.03614457831325301,
      0.03614457831325301
    ],
    [
      0.0025673940949935813,
      0.0,
      0.8164313222079589,
      0.014120667522464698,
      0.024390243902439025,
      0.0012836970474967907,
      0.0025673940949935813,
      0.0012836970474967907,
      0.13735558408215662
    ],
    [
      0.0,
      0.0,
      0.02066115702479339,
      0.9696969696969697,
      0.0,
      0.0,
      0.0,
      0.0,
      0.009641873278236915
    ],
    [
      0.012987012987012988,
      0.0055658627087198514,
      0.06493506493506493,
      0.0,
      0.6957328385899815,
      0.0,
      0.0037105751391465678,
      0.016697588126159554,
      0.20037105751391465
    ],
    [
      0.0,
      0.0,
      0.0,
      0.0,
      0.0,
      0.9545454545454546,
      0.045454545454545456,
      0.0,
      0.0
    ],
    [
      0.03076923076923077,
      0.038461538461538464,
      0.046153846153846156,
      0.007692307692307693,
      0.03076923076923077,
      0.0,
      0.823076923076923,
      0.0,
      0.023076923076923078
    ],
    [
      0.0,
      0.0111731843575419,
      0.027932960893854747,
      0.00558659217877095,
      0.0782122905027933,
      0.0,
      0.0,
      0.5865921787709497,
      0.2905027932960894
    ],
    [
      0.0005878363101966991,
      4.521817770743839e-05,
      0.004069635993669455,
      0.001040018087271083,
      0.001718290752882659,
      0.0,
      0.00022609088853719196,
      0.0004521817770743839,
      0.9918607280126611
    ]
  ],
  "exp_name": "exp_A_cnn_scratch",
  "best_epoch": 25,
  "best_val_macro_f1": 0.8660163736983626,
  "test_loss": 0.19646842712120893,
  "n_epochs_ran": 35,
  "device": "mps"
}
